{"cameraMode":{"drawMode":0,"name":"Shaded","section":"Shading Mode"},"sceneLighting":false,"audioPlay":false,"sceneViewState":{"showFog":true,"showMaterialUpdate":false,"showSkybox":true,"showFlares":true,"showImageEffects":true,"showParticleSystems":true},"in2DMode":false,"pivot":{"x":36.79228210449219,"y":5.563852310180664,"z":61.52043914794922},"rotation":{"x":0.30464407801628115,"y":0.5921319723129273,"z":-0.25763460993766787,"w":0.7001517415046692},"size":10.608025550842286,"orthographic":false}