{"cameraMode":{"drawMode":0,"name":"Shaded","section":"Shading Mode"},"sceneLighting":false,"audioPlay":false,"sceneViewState":{"showFog":true,"showMaterialUpdate":false,"showSkybox":true,"showFlares":true,"showImageEffects":true,"showParticleSystems":true},"in2DMode":false,"pivot":{"x":3.2506661415100099,"y":8.933433532714844,"z":34.558929443359378},"rotation":{"x":0.6290794014930725,"y":0.006995269097387791,"z":-0.005663277581334114,"w":0.7772940397262573},"size":120.08049011230469,"orthographic":false}