{"cameraMode":{"drawMode":0,"name":"Shaded","section":"Shading Mode"},"sceneLighting":false,"audioPlay":false,"sceneViewState":{"showFog":true,"showMaterialUpdate":false,"showSkybox":false,"showFlares":true,"showImageEffects":true,"showParticleSystems":true},"in2DMode":false,"pivot":{"x":0.02804511785507202,"y":0.14133654534816743,"z":0.04956179857254028},"rotation":{"x":0.33309370279312136,"y":0.06780780106782913,"z":-0.02402498945593834,"w":0.9401475191116333},"size":2.740402936935425,"orthographic":false}