{"cameraMode":{"drawMode":0,"name":"Shaded","section":"Shading Mode"},"sceneLighting":false,"audioPlay":false,"sceneViewState":{"showFog":true,"showMaterialUpdate":false,"showSkybox":true,"showFlares":true,"showImageEffects":true,"showParticleSystems":true},"in2DMode":false,"pivot":{"x":23.54167366027832,"y":14.181621551513672,"z":-22.087112426757814},"rotation":{"x":0.39092734456062319,"y":-0.2346716821193695,"z":0.10378573834896088,"w":0.8839314579963684},"size":9.231949806213379,"orthographic":false}