{"cameraMode":{"drawMode":0,"name":"Shaded","section":"Shading Mode"},"sceneLighting":false,"audioPlay":false,"sceneViewState":{"showFog":true,"showMaterialUpdate":false,"showSkybox":true,"showFlares":true,"showImageEffects":true,"showParticleSystems":true},"in2DMode":false,"pivot":{"x":-37.68973159790039,"y":-12.787118911743164,"z":43.63347244262695},"rotation":{"x":0.36720412969589236,"y":0.07799763977527619,"z":-0.030918264761567117,"w":0.9263544678688049},"size":240.23251342773438,"orthographic":false}