{"cameraMode":{"drawMode":0,"name":"Shaded","section":"Shading Mode"},"sceneLighting":false,"audioPlay":false,"sceneViewState":{"showFog":true,"showMaterialUpdate":false,"showSkybox":false,"showFlares":true,"showImageEffects":true,"showParticleSystems":true},"in2DMode":false,"pivot":{"x":-0.026899337768554689,"y":0.23211519420146943,"z":-0.06373214721679688},"rotation":{"x":0.06658820807933808,"y":0.9320692420005798,"z":-0.22453820705413819,"w":0.27641254663467409},"size":44.77459716796875,"orthographic":false}